{
  "friedman_chi2": 74.58355795148245,
  "friedman_p": 1.9095870412501494e-12,
  "nemenyi_CD": 3.193161906788155,
  "k": 10,
  "N": 18,
  "avg_ranks": {
    "Persistence": 6.888888888888889,
    "MLP": 3.111111111111111,
    "DLinear": 3.0,
    "NLinear": 3.888888888888889,
    "N-BEATS": 4.555555555555555,
    "TiDE": 4.722222222222222,
    "QELM": 8.833333333333334,
    "CeNN_NS": 5.0,
    "CeNN_Emu[QELM]": 8.055555555555555,
    "CeNN_Ada[QELM]": 6.944444444444445
  }
}